CODE_ISIN,CODE_LANGUE
FR0010321802,EN
FR0000292278,EN
FR0013473568,EN
FR001400LRT0,EN
IE00BK017F69,EN
LU0235308482,EN
LU0278453476,EN
LU0063729296,EN
LU0319688791,EN
LU1161527038,EN
FR0010697482,EN
FR0013030061,EN
LU1103207525,EN
LU0238205289,EN
LU0251130802,EN
LU0107852195,EN
LU0194732953,EN
LU0210533500,EN
LU0289470113,EN
LU0853555463,EN
LU0853555380,EN
FR0010750877,EN
LU1137258932,EN
LU0538387076,EN
LU1023727867,EN
LU0979137147,EN
LU1115951946,EN
LU1023728758,EN
LU0132601682,EN
FR0000003196,EN
IE00BYV1RN13,EN
LU0075938133,EN
BE0943877671,EN
IE00B11XZ988,EN
IE00B4LXFK01,EN
LU0106258311,EN
LU0152980495,EN
FR0010460493,EN
LU0122614208,EN
LU0569862351,EN
FR0007076971,EN
LU0224105477,EN
LU0212925753,EN
LU0122379950,EN
LU0171310443,EN
LU0562822386,EN
LU0278466700,EN
LU0072462426,EN
LU0217402501,EN
FR0011550185,EN
LU1664648208,EN
IE00B4Z6HC18,EN
LU0132412106,EN
LU0011963245,EN
LU0476876759,EN
LU0498184596,EN
LU0011963674,EN
LU0396314238,EN
FR0010321810,EN
LU0572586591,EN
LU0256839274,EN
LU0857590862,EN
FR0000017329,EN
LU0236501697,EN
FR0010188383,EN
LU0945155991,EN
LU0119085271,EN
LU0319685854,EN
LU0568607203,EN
LU0347592197,EN
LU0557858130,EN
LU0389811372,EN
LU0442407853,EN
LU0433182416,EN
LU0565135745,EN
LU0390717543,EN
LU0568583008,EN
LU0568583933,EN
LU0557866588,EN
LU0201575346,EN
LU0755949848,EN
FR0013123809,EN
FR0010267476,EN
LU0184627536,EN
LU0316218527,EN
LU0072462186,EN
FR0010174144,EN
LU0238690555,EN
LU0171301533,EN
LU0124384867,EN
LU0171307068,EN
LU0589470326,EN
LU0171289902,EN
LU0255977455,EN
FR0010668145,EN
LU1279613951,EN
FR0013073731,EN
LU0272941971,EN
LU1073905967,EN
LU1295552621,EN
FR0010149120,EN
FR0010149179,EN
LU0318931192,EN
IE0004766675,EN
FR0010097667,EN
LU1291158233,EN
FR0010836163,EN
FR0010917658,EN
LU0108459040,EN
FR0007054358,EN
FR0010058008,EN
LU1481483334,EN
LU0641745681,EN
LU0284396016,EN
FR0011645621,EN
FR0000444275,EN
LU0357130854,EN
FR0010859769,EN
FR0010321828,EN
LU0332315638,EN
LU1244893696,EN
FR0013219243,EN
LU0992632538,EN
LU1102960371,EN
FR0013197605,EN
FR0013210887,EN
FR0010177998,EN
LU0690375182,EN
LU0238202427,EN
LU0251127410,EN
LU0261946445,EN
LU0594300179,EN
FR0000008674,EN
LU0922334643,EN
LU0261948227,EN
LU0261947096,EN
GB0033874214,EN
LU0260870158,EN
LU0122613655,EN
LU0251131958,EN
LU0261950470,EN
LU0048167497,EN
LU0231490524,EN
LU0566486402,EN
FR0011443233,EN
FR0011443001,EN
LU0070992663,EN
LU0572952280,EN
LU0046217351,EN
LU0127786431,EN
LU1093756242,EN
LU0503253931,EN
LU0119750205,EN
LU0028118809,EN
IE00B6R52143,EN
IE00B6R52036,EN
IE00B5BMR087,EN
LU0244270301,EN
LU0095938881,EN
LU0522352946,EN
LU0210529144,EN
LU0208853274,EN
LU0117841949,EN
LU0210527015,EN
LU0880062913,EN
LU0260085492,EN
FR0010320366,EN
IE00BYN5TY60,EN
FR0010315770,EN
FR0000448987,EN
IE00BKVBJH15,EN
LU0411704413,EN
FR0010156604,EN
LU1434526460,EN
FR0013515970,EN
FR0014008207,EN
FR0010148981,EN
FR0010147603,EN
FR0010135103,EN
LU0099161993,EN
FR0010032573,EN
FR0007450002,EN
LU1248400076,EN
FR0000984254,EN
FR0012300374,EN
LU1989765471,EN
FR0010097683,EN
XS2277927872,EN
LU2698960866,EN
LU0380865021,EN
FR0010016477,EN
LU1907595398,EN
LU0284394235,EN
LU0641745921,EN
LU0273164847,EN
LU0507265923,EN
FR0010491803,EN
FR0013488244,EN
FR0014008W63,EN
LU2038611765,EN
FR001400IPS2,EN
FR001400JGG4,EN
FR001400JGB5,EN
FR0011034495,EN
FR001400LZQ9,EN
IE00BLP5S460,EN
IE00BD1DJ122,EN
LU0204988207,EN
FR0010341800,EN
LU0090689299,EN
LU0104884860,EN
LU0217139020,EN
FR0007050570,EN
FR0011640986,EN
FR0000295230,EN
FR0007045737,EN
LU0510167009,EN
LU0226953718,EN
LU0320896664,EN
LU0244354667,EN
LU0935229400,EN
GB00B0119933,EN
FR0010431015,EN
FR0010259994,EN
FR0010260000,EN
FR0000988503,EN
FR0013076452,EN
FR0010349977,EN
LU0229940001,EN
LU0094040077,EN
LU0122613903,EN
FR0007075494,EN
FR0010588343,EN
LU0723564463,EN
FR0012881043,EN
LU0073503921,EN
FR0010411884,EN
IE00BFZPF546,EN
IE00B4L5Y983,EN
FR0011169341,EN
FR0013259231,EN
FR0013323730,EN
FR0010242461,EN
FR0011037894,EN
FR0010458190,EN
FR001400K5L7,EN
LU1391858039,EN
LU1391857908,EN
LU0115773425,EN
LU1892829315,EN
LU0945775517,EN
LU0594300096,EN
FR001400IF09,EN
FRSG000143P3,EN
XS2699598434,EN
IE00BHZRR147,EN
FR0010657601,EN
LU0260870661,EN
LU0294221097,EN
LU0109391861,EN
FR0010626796,EN
IE00B56X5F76,EN
LU1472581609,EN
FR0013531365,EN
FR0013531357,EN
FR0010902726,EN
LU0912261624,EN
LU0708055370,EN
LU0165128348,EN
FR001400I4I0,EN
LU1832174962,EN
LU1073919679,EN
LU0243956348,EN
LU0243957239,EN
LU0432616737,EN
IE00BHZPJ569,EN
IE00BHZPJ783,EN
IE00BQT3WG13,EN
IE00BGL86Z12,EN
IE00BHZPJ015,EN
IE00BYZK4776,EN
IE00BYZK4669,EN
IE00BG0J4C88,EN
IE00BP3QZ601,EN
IE00B52VJ196,EN
LU2061939646,EN
LU0256064774,EN
LU0740858229,EN
LU0432979960,EN
FR0000980427,EN
FR0013439478,EN
FR0013439817,EN
FR0013439403,EN
FR0010858498,EN
GB00BKGR3H21,EN
LU1012219207,EN
FR0013418688,EN
IE00BF0M6N54,EN
FR0050000977,EN
IE00B19Z6F94,EN
LU1792117340,EN
LU1792117696,EN
LU1769088581,EN
LU1691909508,EN
LU1841613463,EN
FR0011882364,EN
LU0533032008,EN
LU1834988781,EN
LU0533033667,EN
FR0013346681,EN
LU1190418134,EN
LU0539466150,EN
IE00B61N8946,EN
LU0812607454,EN
LU0985424349,EN
IE00B8V74V41,EN
FR0014009BP1,EN
FR0011351626,EN
GB0030932676,EN
GB00B1H05155,EN
LU0914729966,EN
LU1623119218,EN
LU0552643339,EN
LU1911611140,EN
FR0010400762,EN
FR0013083680,EN
LU0568620560,EN
LU0568621618,EN
LU0161687693,EN
LU1391858385,EN
LU1506378568,EN
LU1391857817,EN
LU0979136255,EN
LU1391858112,EN
LU1391859516,EN
LU0844168194,EN
LU0859660069,EN
LU0512092221,EN
LU0694238766,EN
LU0073233958,EN
LU0073232471,EN
LU1781541179,EN
IE00B3MB7B14,EN
LU2564068026,EN
FR0014000881,EN
LU1951202693,EN
LU1335435464,EN
LU2169557654,EN
FR0010678359,EN
FR0011563535,EN
IE00BVYJ5W68,EN
IE00B12VW672,EN
FR0000970972,EN
IE00BYXVX196,EN
IE00BZ0GCL74,EN
FR0010734491,EN
FR0007064134,EN
FR0000980989,EN
FR001400C7W0,EN
FR0010574434,EN
FR0011170182,EN
FR0000945180,EN
FR0010564351,EN
FR0011381227,EN
FR0000011074,EN
LU0256840447,EN
GB0003501581,EN
IE00B9DCSJ09,EN
BE0000337460,EN
FR001400FYQ4,EN
FR001400IOS5,EN
FR001400IPV6,EN
FR001400M1Y7,EN
FR001400M113,EN
XS2517243346,EN
XS2678870556,EN
XS2593761658,EN
LU0128494944,EN
LU0280430405,EN
LU0503631557,EN
LU0128498267,EN
IE00B84J9L26,EN
IE00B11XZB05,EN
IE00B11XZ103,EN
LU2261172451,EN
FR0014005AW7,EN
FR0011349901,EN
FR0011243393,EN
FR0010897199,EN
FR0010786350,EN
FR0000098006,EN
FR0010912915,EN
FR0012300739,EN
FR0010906305,EN
FR001400IBK9,EN
XS2516343196,EN
FR2CIBFS1837,EN
LU0209860427,EN
LU1811861431,EN
LU0203975437,EN
LU0474363974,EN
LU0434928536,EN
FR0010237503,EN
LU1100077103,EN
LU1100076550,EN
FR0011261197,EN
FR2CIBFS1589,EN
FR0010505578,EN
LU2080993616,EN
IE00B7KFL990,EN
FR0050000829,EN
FR0050000837,EN
FR0013381035,EN
FR0050000100,EN
FR0050000423,EN
FR0050000688,EN
FR00140009Z9,EN
FR0013535481,EN
FR0013535390,EN
FR0013535523,EN
FR0013535549,EN
FR0014000QG7,EN
FR0000000085,EN
FR0050000431,EN
FR0050000449,EN
FR0050000456,EN
FR0011362094,EN
FR001400HZX3,EN
FR0011584416,EN
FR0007040373,EN
LU1882445643,EN
LU1622150198,EN
LU1883868819,EN
LU1883303635,EN
LU1880401523,EN
LU1894683009,EN
FR0013329828,EN
FR0010173237,EN
LU0482270153,EN
LU0162658883,EN
FR0011445436,EN
LU1530899142,EN
LU1683285164,EN
LU1694789451,EN
LU0284395638,EN
LU1907594748,EN
LU1881477472,EN
BE6297703751,EN
FR0013406691,EN
LU1819480192,EN
LU1331971769,EN
LU1345484874,EN
LU1303741661,EN
IE00BFY85L07,EN
FR0013291879,EN
LU1902443420,EN
LU1074970481,EN
LU0432979614,EN
LU0292454872,EN
FR0013268356,EN
IE00BC9S3Z47,EN
LU0812608262,EN
LU1536788638,EN
LU1670710075,EN
LU1670722161,EN
LU1670711040,EN
LU1582988058,EN
LU1670724373,EN
LU0914733059,EN
LU1670725347,EN
LU1278756934,EN
LU1648217575,EN
LU1693821826,EN
LU1958314913,EN
LU2108470142,EN
LU1648219605,EN
LU0149084633,EN
LU1648217229,EN
FR0011600410,EN
LU0935227537,EN
IE00BF2F6G53,EN
LU0823421689,EN
LU0503631714,EN
LU0366534344,EN
LU0270904781,EN
LU0366536984,EN
LU0340559557,EN
IE00B3QDMK77,EN
LU1396459015,EN
LU1183791794,EN
LU1301026388,EN
LU0503634221,EN
LU1991167542,EN
FR001400JVR0,EN
FR001400JN81,EN
LU0068578508,EN
FR0000003964,EN
IE00B7452L46,EN
LU0548153104,EN
LU0170475312,EN
LU2147879543,EN
FR001400LRS2,EN
FR0007072160,EN
XS2516343279,EN
XS2630626989,EN
LU0569862609,EN
IE00BZ2GV965,EN
FR001400FS23,EN
IE00BYWQWR46,EN
IE00BG47K971,EN
FR0010289827,EN
FR0010078279,EN
FR0007371810,EN
FR0013299047,EN
FR0007465083,EN
FR0013379054,EN
FR0013522927,EN
FR001400IGX1,EN
FR001400IGZ6,EN
LU1612360716,EN
LU1074026086,EN
IE00BHBFD143,EN
IE00BJGWQN72,EN
LU0292109187,EN
LU1303940784,EN
FR0000423527,EN
LU0171305526,EN
LU0172157280,EN
LU0122376428,EN
FR0010027623,EN
FR0010298596,EN
LU0266117414,EN
IE0004307934,EN
LU0147944259,EN
LU0935231216,EN
IE00B44F1J46,EN
FR0000299356,EN
FR0000292302,EN
FR0011537653,EN
FR0000990095,EN
IE00B441G979,EN
LU0908500753,EN
FR0010429068,EN
FR0011363423,EN
LU1829221024,EN
FR0010361279,EN
FR0010194464,EN
FR0010540906,EN
FR0010541086,EN
FR0010541094,EN
FR0010233270,EN
FR0010541193,EN
FR0010540831,EN
FR0011482074,EN
FR0010540856,EN
FR0010241281,EN
FR0010501684,EN
FR0010541284,EN
FR0011443886,EN
FR0010541425,EN
FR0010148346,EN
FR0007051040,EN
FR001400JLJ8,EN
FR001400JOE3,EN
FR0012333219,EN
FR0010058529,EN
LU0469266505,EN
FR0011387299,EN
LU0469268469,EN
FR0013085024,EN
FR0007061379,EN
FR0010829697,EN
FR0013251816,EN
LU0658026942,EN
FR0013222403,EN
FR0010158048,EN
FR0010863688,EN
FR0011637115,EN
FR0012951101,EN
FR0011153014,EN
FR0000438905,EN
FR0012817567,EN
FR0010028704,EN
FR0013430576,EN
FR0000448953,EN
FR0013300910,EN
FR0000974149,EN
LU1992133188,EN
LU1883335322,EN
FR0010230474,EN
LU1781541252,EN
LU1437017350,EN
IE000QQ8Z0D8,EN
IE0006IP4XZ8,EN
LU0568620990,EN
FR0010286013,EN
FR0011199371,EN
FR0010611293,EN
FR001400I103,EN
LU1536921650,EN
FR0000979155,EN
LU0658026603,EN
FR0000978371,EN
LU1157401305,EN
LU0251661756,EN
LU0164100710,EN
LU1876459212,EN
FR0000288946,EN
LU0132414144,EN
IE00B8J38129,EN
LU0119133188,EN
LU0568615057,EN
LU0518421895,EN
LU0616241476,EN
LU0119099819,EN
LU0201576401,EN
LU0119110723,EN
LU0319688015,EN
LU0800597873,EN
LU0292585626,EN
LU0266009793,EN
LU0292585030,EN
FR0011550185,FR
LU1664648208,FR
FR0011443001,FR
LU1434526460,FR
IE00B52VJ196,FR
FR0013439403,FR
FR0013346681,FR
LU1190418134,FR
FR0011351626,FR
LU0914729966,FR
FR0010696369,FR
LU0568620560,FR
LU0568621618,FR
FR0010678359,FR
FR0000980989,FR
FR0000945180,FR
LU0503631557,FR
LU0128498267,FR
FR0010505578,FR
LU2080993616,FR
FR0050000100,FR
FR0050000423,FR
FR0050000688,FR
FR00140009Z9,FR
FR0013535481,FR
FR0013535390,FR
FR0013535523,FR
FR0013535549,FR
FR0000000085,FR
FR0050000431,FR
FR0050000449,FR
FR0050000456,FR
LU1992133188,FR
FR0010230474,FR
FR0010696369,EN
FR0010321802,FR
FR0000292278,FR
FR0013473568,FR
FR001400LRT0,FR
XS2604959093,FR
XS2604959176,FR
IE00BK017F69,FR
LU0235308482,FR
LU0278453476,FR
LU0063729296,FR
LU0319688791,FR
LU1161527038,FR
FR0010697482,FR
FR0013030061,FR
LU1103207525,FR
LU0238205289,FR
LU0251130802,FR
LU0107852195,FR
LU0194732953,FR
LU0210533500,FR
LU0289470113,FR
LU0853555463,FR
LU0853555380,FR
FR0010750877,FR
LU1137258932,FR
LU0538387076,FR
LU1023727867,FR
LU0979137147,FR
LU1115951946,FR
LU1023728758,FR
LU0132601682,FR
FR0000003196,FR
IE00BYV1RN13,FR
LU0075938133,FR
BE0943877671,FR
IE00B11XZ988,FR
IE00B4LXFK01,FR
LU0106258311,FR
LU0152980495,FR
FR0010460493,FR
LU0122614208,FR
LU0569862351,FR
FR0007076971,FR
LU0224105477,FR
LU0212925753,FR
LU0122379950,FR
LU0171310443,FR
LU0562822386,FR
LU0278466700,FR
LU0072462426,FR
LU0217402501,FR
IE00B4Z6HC18,FR
LU0132412106,FR
LU0011963245,FR
LU0476876759,FR
LU0498184596,FR
LU0011963674,FR
LU0396314238,FR
FR0010321810,FR
LU0572586591,FR
LU0256839274,FR
LU0857590862,FR
FR0000017329,FR
LU0236501697,FR
FR0010188383,FR
LU0945155991,FR
LU0119085271,FR
LU0319685854,FR
LU0568607203,FR
LU0347592197,FR
LU0557858130,FR
LU0389811372,FR
LU0442407853,FR
LU0433182416,FR
LU0565135745,FR
LU0390717543,FR
LU0568583008,FR
LU0568583933,FR
LU0557866588,FR
LU0201575346,FR
LU0755949848,FR
FR0013123809,FR
FR0010267476,FR
LU0184627536,FR
LU0316218527,FR
LU0072462186,FR
FR0010174144,FR
LU0238690555,FR
LU0171301533,FR
LU0124384867,FR
LU0171307068,FR
LU0589470326,FR
LU0171289902,FR
LU0255977455,FR
FR0010668145,FR
LU1279613951,FR
FR0013073731,FR
LU0272941971,FR
LU1073905967,FR
LU1295552621,FR
FR0010149120,FR
FR0010149179,FR
LU0318931192,FR
IE0004766675,FR
FR0010097667,FR
LU1291158233,FR
FR0010836163,FR
FR0010917658,FR
LU0108459040,FR
FR0007054358,FR
FR0010058008,FR
LU1481483334,FR
LU0641745681,FR
LU0284396016,FR
FR0011645621,FR
FR0000444275,FR
LU0357130854,FR
FR0010859769,FR
FR0010321828,FR
LU0332315638,FR
LU1244893696,FR
FR0013219243,FR
LU0992632538,FR
LU1102960371,FR
FR0013197605,FR
FR0013210887,FR
FR0010177998,FR
LU0690375182,FR
LU0238202427,FR
LU0251127410,FR
LU0261946445,FR
LU0594300179,FR
FR0000008674,FR
LU0922334643,FR
LU0261948227,FR
LU0261947096,FR
GB0033874214,FR
LU0260870158,FR
LU0122613655,FR
LU0251131958,FR
LU0261950470,FR
LU0048167497,FR
LU0231490524,FR
LU0566486402,FR
FR0011443233,FR
LU0070992663,FR
LU0572952280,FR
LU0046217351,FR
LU0127786431,FR
LU1093756242,FR
LU0503253931,FR
LU0119750205,FR
LU0028118809,FR
IE00B6R52143,FR
IE00B6R52036,FR
IE00B5BMR087,FR
LU0244270301,FR
LU0095938881,FR
LU0522352946,FR
LU0210529144,FR
LU0208853274,FR
LU0117841949,FR
LU0210527015,FR
LU0880062913,FR
LU0260085492,FR
FR0010320366,FR
IE00BYN5TY60,FR
FR0010315770,FR
FR0000448987,FR
IE00BKVBJH15,FR
LU0411704413,FR
FR0010156604,FR
FR0013515970,FR
FR0014008207,FR
FR001400KAV4,FR
FR0010148981,FR
FR0010147603,FR
FR0010135103,FR
LU0099161993,FR
FR0010032573,FR
FR0007450002,FR
LU2597550263,FR
LU1248400076,FR
FR0000984254,FR
LU2578823499,FR
FR0012300374,FR
LU1989765471,FR
FR0010097683,FR
XS2277927872,FR
LU2698960866,FR
LU0380865021,FR
FR0010016477,FR
LU1907595398,FR
LU0284394235,FR
LU0641745921,FR
LU0273164847,FR
LU0507265923,FR
FR001400IQ71,FR
FR2CIBFS0870,FR
FR0010491803,FR
FR0013488244,FR
FR0014008W63,FR
LU2038611765,FR
FR001400IPS2,FR
FR001400JGG4,FR
FR001400JGB5,FR
FR0011034495,FR
FR001400LZQ9,FR
FR001400GXY8,FR
IE00BLP5S460,FR
IE00BD1DJ122,FR
LU0204988207,FR
FR0010341800,FR
LU0090689299,FR
LU0104884860,FR
LU0217139020,FR
FR0007050570,FR
FR0011640986,FR
FR0000295230,FR
FR0007045737,FR
LU0510167009,FR
LU0226953718,FR
LU0320896664,FR
LU0244354667,FR
LU0935229400,FR
GB00B0119933,FR
FR0010431015,FR
FR0010259994,FR
FR0010260000,FR
FR0000988503,FR
FR0013076452,FR
FR0010349977,FR
LU0229940001,FR
LU0094040077,FR
LU0122613903,FR
FR0007075494,FR
FR0010588343,FR
LU0723564463,FR
FR0012881043,FR
LU0073503921,FR
FR0010411884,FR
FR001400L404,FR
IE00BFZPF546,FR
IE00B4L5Y983,FR
FR0011169341,FR
FR0013259231,FR
FR0013323730,FR
FR0010242461,FR
FR0011037894,FR
FR0010458190,FR
FR001400K5L7,FR
LU1391858039,FR
LU1391857908,FR
LU0115773425,FR
LU1892829315,FR
LU0945775517,FR
LU0594300096,FR
FR001400IF09,FR
FRSG000143P3,FR
XS2637658423,FR
FR2CIBFS2801,FR
XS2699519315,FR
XS2699552951,FR
XS2699598434,FR
XS2521294483,FR
FR1CIBFS9690,FR
XS2699553090,FR
IE00BHZRR147,FR
FR0010657601,FR
LU0260870661,FR
LU0294221097,FR
LU0109391861,FR
FR0010626796,FR
IE00B56X5F76,FR
LU1472581609,FR
FR0013531365,FR
FR0013531357,FR
FR0010902726,FR
LU0912261624,FR
LU0708055370,FR
LU0165128348,FR
FR001400I4I0,FR
LU1832174962,FR
LU1073919679,FR
LU0243956348,FR
LU0243957239,FR
LU0432616737,FR
IE00BHZPJ569,FR
IE00BHZPJ783,FR
IE00BQT3WG13,FR
IE00BGL86Z12,FR
IE00BHZPJ015,FR
IE00BYZK4776,FR
IE00BYZK4669,FR
IE00BG0J4C88,FR
IE00BP3QZ601,FR
LU2061939646,FR
LU0256064774,FR
LU0740858229,FR
LU0432979960,FR
FR0000980427,FR
FR0013439478,FR
FR0013439817,FR
FR0010858498,FR
FR001400FM37,FR
GB00BKGR3H21,FR
LU1012219207,FR
FR0013418688,FR
IE00BF0M6N54,FR
FR0050000977,FR
IE00B19Z6F94,FR
LU1792117340,FR
LU1792117696,FR
LU1769088581,FR
LU1691909508,FR
LU1841613463,FR
FR0011882364,FR
LU0533032008,FR
LU1834988781,FR
LU0533033667,FR
LU0539466150,FR
IE00B61N8946,FR
LU0812607454,FR
LU0985424349,FR
IE00B8V74V41,FR
FR0014009BP1,FR
GB0030932676,FR
GB00B1H05155,FR
LU1623119218,FR
LU0552643339,FR
LU1911611140,FR
FR0010400762,FR
FR0013083680,FR
LU0161687693,FR
LU1391858385,FR
LU1506378568,FR
LU1391857817,FR
LU0979136255,FR
LU1391858112,FR
LU1391859516,FR
LU0844168194,FR
LU0859660069,FR
LU0512092221,FR
LU0694238766,FR
LU0073233958,FR
LU0073232471,FR
LU1781541179,FR
IE00B3MB7B14,FR
LU2564068026,FR
FR0014000881,FR
LU1951202693,FR
LU1335435464,FR
LU2169557654,FR
FR0011563535,FR
IE00BVYJ5W68,FR
IE00B12VW672,FR
FR0000970972,FR
IE00BYXVX196,FR
IE00BZ0GCL74,FR
FR0010734491,FR
FR001400CPO4,FR
FR0007064134,FR
FR001400C7W0,FR
FR0010574434,FR
FR0011170182,FR
FR0010564351,FR
FR0011381227,FR
FR0000011074,FR
LU0256840447,FR
GB0003501581,FR
IE00B9DCSJ09,FR
FR001400IOS5,FR
FR001400IPV6,FR
FR001400M1Y7,FR
FR001400M113,FR
XS2517243346,FR
FR001400J0O5,FR
XS2678870556,FR
XS2593761658,FR
LU0128494944,FR
LU0280430405,FR
IE00B84J9L26,FR
IE00B11XZB05,FR
IE00B11XZ103,FR
LU2261172451,FR
FR001400A1J2,FR
FR0014005AW7,FR
FR0011349901,FR
FR0011243393,FR
FR0010897199,FR
FR0010786350,FR
FR0000098006,FR
FR0010912915,FR
FRSG000141K8,FR
XS2659669779,FR
FR0012300739,FR
FR0010906305,FR
FR001400IBK9,FR
XS2516343196,FR
FR2CIBFS1837,FR
LU0209860427,FR
LU1811861431,FR
LU0203975437,FR
LU0474363974,FR
LU0434928536,FR
FR0010237503,FR
LU1100077103,FR
LU1100076550,FR
FR0011261197,FR
FR2CIBFS1589,FR
IE00B7KFL990,FR
FR0050000829,FR
FR0050000837,FR
FR0013381035,FR
FR0014000QG7,FR
FR0011362094,FR
FR001400HZX3,FR
FR0011584416,FR
FR0007040373,FR
LU1882445643,FR
LU1622150198,FR
LU1883868819,FR
LU1883303635,FR
LU1880401523,FR
LU1894683009,FR
FR0013329828,FR
FR0010173237,FR
LU0482270153,FR
LU0162658883,FR
FR0011445436,FR
LU1530899142,FR
LU1683285164,FR
LU1694789451,FR
LU0284395638,FR
LU1907594748,FR
LU1881477472,FR
BE6297703751,FR
FR0013406691,FR
LU1819480192,FR
LU1331971769,FR
LU1345484874,FR
LU1303741661,FR
IE00BFY85L07,FR
FR0013291879,FR
LU1902443420,FR
LU1074970481,FR
LU0432979614,FR
LU0292454872,FR
FR0013268356,FR
IE00BC9S3Z47,FR
LU0812608262,FR
LU1536788638,FR
LU1670710075,FR
LU1670722161,FR
LU1670711040,FR
LU1582988058,FR
LU1670724373,FR
LU0914733059,FR
LU1670725347,FR
LU1278756934,FR
LU1648217575,FR
LU1693821826,FR
LU1958314913,FR
LU2108470142,FR
LU1648219605,FR
LU0149084633,FR
LU1648217229,FR
FR0011600410,FR
LU0935227537,FR
IE00BF2F6G53,FR
LU0823421689,FR
LU0503631714,FR
LU0366534344,FR
LU0270904781,FR
LU0366536984,FR
LU0340559557,FR
IE00B3QDMK77,FR
LU1396459015,FR
LU1183791794,FR
LU1301026388,FR
LU0503634221,FR
LU1991167542,FR
FR001400JVR0,FR
FR001400JN81,FR
LU0068578508,FR
FR0000003964,FR
IE00B7452L46,FR
LU0548153104,FR
XS2523669203,FR
LU0170475312,FR
LU2147879543,FR
FR001400LRS2,FR
FR0007072160,FR
XS2516343279,FR
FR001400IZ88,FR
FR001400JI96,FR
XS2630626989,FR
FR001400L8R7,FR
LU0569862609,FR
IE00BZ2GV965,FR
FR001400FS23,FR
IE00BYWQWR46,FR
IE00BG47K971,FR
FR0010289827,FR
FR0010078279,FR
FR0007371810,FR
FR0013299047,FR
FR0007465083,FR
FR0013379054,FR
FR0013522927,FR
FR001400IGX1,FR
FR001400IGZ6,FR
LU1612360716,FR
LU1074026086,FR
IE00BHBFD143,FR
IE00BJGWQN72,FR
LU0292109187,FR
LU1303940784,FR
FR0000423527,FR
LU0171305526,FR
LU0172157280,FR
LU0122376428,FR
FR0010027623,FR
FR0010298596,FR
LU0266117414,FR
IE0004307934,FR
LU0147944259,FR
LU0935231216,FR
IE00B44F1J46,FR
FR0000299356,FR
FR0000292302,FR
FR0011537653,FR
FR0000990095,FR
IE00B441G979,FR
LU0908500753,FR
FR0010429068,FR
FR0011363423,FR
LU1829221024,FR
FR0010361279,FR
FR0010194464,FR
FR0010540906,FR
FR0010541086,FR
FR0010541094,FR
FR0010233270,FR
FR0010541193,FR
FR0010540831,FR
FR0011482074,FR
FR0010540856,FR
FR0010241281,FR
FR0010501684,FR
FR0010541284,FR
FR0011443886,FR
FR0010541425,FR
FR0010148346,FR
FR0007051040,FR
FR001400JLJ8,FR
FR001400JOE3,FR
FR0012333219,FR
FR0010058529,FR
LU0469266505,FR
FR0011387299,FR
LU0469268469,FR
FR0013085024,FR
FR0007061379,FR
FR0010829697,FR
FR0013251816,FR
LU0658026942,FR
FR0013222403,FR
FR0010158048,FR
FR0010863688,FR
FR0011637115,FR
FR0012951101,FR
FR0011153014,FR
FR0000438905,FR
FR0012817567,FR
FR0010028704,FR
FR0013430576,FR
FR0000448953,FR
FR0013300910,FR
FR0000974149,FR
LU1883335322,FR
LU1781541252,FR
LU1437017350,FR
IE000QQ8Z0D8,FR
IE0006IP4XZ8,FR
LU0568620990,FR
FR0010286013,FR
FR0011199371,FR
FR0010611293,FR
FR001400I103,FR
LU1536921650,FR
FR0000979155,FR
LU0658026603,FR
FR0000978371,FR
LU1157401305,FR
LU0251661756,FR
LU0164100710,FR
LU1876459212,FR
FR0000288946,FR
LU0132414144,FR
IE00B8J38129,FR
LU0119133188,FR
LU0568615057,FR
LU0518421895,FR
LU0616241476,FR
LU0119099819,FR
LU0201576401,FR
LU0119110723,FR
LU0319688015,FR
LU0800597873,FR
LU0292585626,FR
LU0266009793,FR
LU0292585030,FR
XS2604959093,EN
XS2604959176,EN
FR001400KAV4,EN
LU2597550263,EN
LU2578823499,EN
FR001400IQ71,EN
FR2CIBFS0870,EN
FR001400GXY8,EN
FR001400L404,EN
XS2637658423,EN
FR2CIBFS2801,EN
XS2699519315,EN
XS2699552951,EN
XS2521294483,EN
FR1CIBFS9690,EN
XS2699553090,EN
FR001400FM37,EN
FR001400CPO4,EN
FR001400J0O5,EN
FR001400A1J2,EN
FRSG000141K8,EN
XS2659669779,EN
XS2523669203,EN
FR001400IZ88,EN
FR001400JI96,EN
FR001400L8R7,EN
FR0010541813,FR
FR0011299379,FR
LU1426148711,FR
LU0177592218,FR
LU0110060430,FR
FR0010116343,FR
FR0007009139,FR
FR0010032326,FR
LU0171289571,FR
FR0007079512,FR
FR0010250068,FR
FR0007076930,FR
FR0010249847,FR
FR0007085691,FR
FR0010097642,FR
LU1102959951,FR
LU1103303167,FR
FR0011845650,FR
FR0010487512,FR
LU0069450822,FR
LU0303816705,FR
LU0053685029,FR
LU1160356009,FR
FR0010541821,FR
LU0360500044,FR
LU0972618812,FR
LU0740858492,FR
LU0289473059,FR
LU0318933057,FR
LU1435385593,FR
FR0010527275,FR
FR0010312660,FR
FR0010306142,FR
LU0336084032,FR
FR0010626291,FR
FR0007390174,FR
LU0401809073,FR
FR0007050190,FR
FR0010557967,FR
FR0010687053,FR
FR001400K661,FR
FR0011360700,FR
LU1160365091,FR
FR0010537423,FR
FR0010434019,FR
FR0010564245,FR
BE0947764743,FR
FR0010823666,FR
IE00B84TCG88,FR
FR0011276617,FR
LU0757360457,FR
FR0011167402,FR
LU1046235062,FR
LU1046234768,FR
FR0010286021,FR
FR0000424319,FR
FR0010996629,FR
FR0010546929,FR
FR0010546903,FR
FR0010172437,FR
FR0000979221,FR
FR0012219848,FR
FR0007061882,FR
FR0013183316,FR
LU0197230542,FR
LU0049112450,FR
LU0099574567,FR
FR0010241240,FR
FR0000971293,FR
LU0117898204,FR
LU0210531637,FR
LU0129412937,FR
LU0070212591,FR
FR0010830240,FR
LU0832436512,FR
FR0010591362,FR
FR0010245514,FR
FR0010261198,FR
FR0010361683,FR
FR0010296061,FR
FR001400KUY6,FR
FR0007078811,FR
LU0147918923,FR
LU0064675639,FR
LU0445386369,FR
FR0010380675,FR
FR0010187898,FR
FR0010807107,FR
FR0011659937,FR
FR0010283838,FR
LU1100077442,FR
LU1100076808,FR
FR0011034818,FR
FR0010560037,FR
LU0147396450,FR
FR0007078589,FR
LU0294221253,FR
FR0010547067,FR
FR0000930455,FR
FR0012219871,FR
FR0010657122,FR
LU1329694266,FR
FR0010753608,FR
LU0489687243,FR
FR0010554303,FR
LU0225737302,FR
FR0010109165,FR
LU1900068161,FR
LU1900068914,FR
LU1829218749,FR
LU1834986900,FR
LU1834988278,FR
LU1812092168,FR
FR0013277571,FR
FR0012144590,FR
FR0013183290,FR
FR0013183308,FR
FR0000447864,FR
FR0010011171,FR
FR0010541813,EN
FR0011299379,EN
LU1426148711,EN
LU0177592218,EN
LU0110060430,EN
FR0010116343,EN
FR0007009139,EN
FR0010032326,EN
LU0171289571,EN
FR0007079512,EN
FR0010250068,EN
FR0007076930,EN
FR0010249847,EN
FR0007085691,EN
FR0010097642,EN
LU1102959951,EN
LU1103303167,EN
FR0011845650,EN
FR0010487512,EN
LU0069450822,EN
LU0303816705,EN
LU0053685029,EN
LU1160356009,EN
FR0010541821,EN
LU0360500044,EN
LU0972618812,EN
LU0740858492,EN
LU0289473059,EN
LU0318933057,EN
LU1435385593,EN
FR0010527275,EN
FR0010312660,EN
FR0010306142,EN
LU0336084032,EN
FR0010626291,EN
FR0007390174,EN
LU0401809073,EN
FR0007050190,EN
FR0010557967,EN
FR0010687053,EN
FR001400K661,EN
FR0011360700,EN
LU1160365091,EN
FR0010537423,EN
FR0010434019,EN
FR0010564245,EN
BE0947764743,EN
FR0010823666,EN
IE00B84TCG88,EN
FR0011276617,EN
LU0757360457,EN
FR0011167402,EN
LU1046235062,EN
LU1046234768,EN
FR0010286021,EN
FR0000424319,EN
FR0010996629,EN
FR0010546929,EN
FR0010546903,EN
FR0010172437,EN
FR0000979221,EN
FR0012219848,EN
FR0007061882,EN
FR0013183316,EN
LU0197230542,EN
LU0049112450,EN
LU0099574567,EN
FR0010241240,EN
FR0000971293,EN
LU0117898204,EN
LU0210531637,EN
LU0129412937,EN
LU0070212591,EN
FR0010830240,EN
LU0832436512,EN
FR0010591362,EN
FR0010245514,EN
FR0010261198,EN
FR0010361683,EN
FR0010296061,EN
FR001400KUY6,EN
FR0007078811,EN
LU0147918923,EN
LU0064675639,EN
LU0445386369,EN
FR0010380675,EN
FR0010187898,EN
FR0010807107,EN
FR0011659937,EN
FR0010283838,EN
LU1100077442,EN
LU1100076808,EN
FR0011034818,EN
FR0010560037,EN
LU0147396450,EN
FR0007078589,EN
LU0294221253,EN
FR0010547067,EN
FR0000930455,EN
FR0012219871,EN
FR0010657122,EN
LU1329694266,EN
FR0010753608,EN
LU0489687243,EN
FR0010554303,EN
LU0225737302,EN
FR0010109165,EN
LU1900068161,EN
LU1900068914,EN
LU1829218749,EN
LU1834986900,EN
LU1834988278,EN
LU1812092168,EN
FR0013277571,EN
FR0012144590,EN
FR0013183290,EN
FR0013183308,EN
FR0000447864,EN
FR0010011171,EN
FR0007018239,EN
FR0010981175,EN
FR0013139292,EN
FR0013072097,EN
FR0007018239,FR
FR0010981175,FR
FR0013139292,FR
FR0013072097,FR
FR0010286765,FR
FR0010283853,FR
FR0011192285,FR
FR0007065289,FR
FR0000443343,FR
LU0252652382,FR
LU0376989207,FR
LU0552029232,FR
LU0552029406,FR
LU0216734045,FR
DE0009769869,FR
FR0000423147,FR
FR0010278408,FR
LU0169527297,FR
IE00B19Z9Z06,FR
IE00B19ZB094,FR
LU0187079347,FR
LU0254836850,FR
FR0010397125,FR
FR0010929869,FR
FR0010285874,FR
FR0010284521,FR
FR0010407247,FR
LU0128522157,FR
FR0010316182,FR
FR0007468830,FR
FR0011099712,FR
FR0012223535,FR
FR0011674738,FR
FR0010145185,FR
LU0260869739,FR
FR0011443225,FR
FR0010755660,FR
FR0010551689,FR
FR0010551705,FR
FR0010551457,FR
FR0010551697,FR
FR0010551424,FR
LU1882445569,FR
LU0281483569,FR
FR0011047513,FR
FR0010278416,FR
FR0011360684,FR
LU0557861274,FR
LU0194346564,FR
LU0800572702,FR
FR0010286765,EN
FR0010283853,EN
FR0011192285,EN
FR0007065289,EN
FR0000443343,EN
LU0252652382,EN
LU0376989207,EN
LU0552029232,EN
LU0552029406,EN
LU0216734045,EN
DE0009769869,EN
FR0000423147,EN
FR0010278408,EN
LU0169527297,EN
IE00B19Z9Z06,EN
IE00B19ZB094,EN
LU0187079347,EN
LU0254836850,EN
FR0010397125,EN
FR0010929869,EN
FR0010285874,EN
FR0010284521,EN
FR0010407247,EN
LU0128522157,EN
FR0010316182,EN
FR0007468830,EN
FR0011099712,EN
FR0012223535,EN
FR0011674738,EN
FR0010145185,EN
LU0260869739,EN
FR0011443225,EN
FR0010755660,EN
FR0010551689,EN
FR0010551705,EN
FR0010551457,EN
FR0010551697,EN
FR0010551424,EN
LU1882445569,EN
LU0281483569,EN
FR0011047513,EN
FR0010278416,EN
FR0011360684,EN
LU0557861274,EN
LU0194346564,EN
LU0800572702,EN
FR0010321802,IT
FR0000292278,IT
FR0013473568,IT
FR001400LRT0,IT
IE00BK017F69,IT
LU0235308482,IT
LU0278453476,IT
LU0063729296,IT
LU0319688791,IT
LU1161527038,IT
FR0010697482,IT
FR0013030061,IT
LU1103207525,IT
LU0238205289,IT
LU0251130802,IT
LU0107852195,IT
LU0194732953,IT
LU0210533500,IT
LU0289470113,IT
LU0853555463,IT
LU0853555380,IT
FR0010750877,IT
LU1137258932,IT
LU0538387076,IT
LU1023727867,IT
LU0979137147,IT
LU1115951946,IT
LU1023728758,IT
LU0132601682,IT
FR0000003196,IT
IE00BYV1RN13,IT
LU0075938133,IT
BE0943877671,IT
IE00B11XZ988,IT
IE00B4LXFK01,IT
LU0106258311,IT
LU0152980495,IT
FR0010460493,IT
LU0122614208,IT
LU0569862351,IT
FR0007076971,IT
LU0224105477,IT
LU0212925753,IT
LU0122379950,IT
LU0171310443,IT
LU1733247230,IT
LU0562822386,IT
LU0278466700,IT
LU0072462426,IT
LU0217402501,IT
FR0011550185,IT
LU1664648208,IT
LU1291102447,IT
IE00B4Z6HC18,IT
LU0132412106,IT
LU0011963245,IT
LU0476876759,IT
LU0498184596,IT
LU0011963674,IT
LU0396314238,IT
FR0010321810,IT
LU0572586591,IT
LU0256839274,IT
LU0857590862,IT
FR0000017329,IT
LU0236501697,IT
FR0010188383,IT
LU0945155991,IT
LU0119085271,IT
LU0319685854,IT
LU0568607203,IT
LU0347592197,IT
LU0557858130,IT
LU0389811372,IT
LU0442407853,IT
LU0433182416,IT
LU0565135745,IT
LU0390717543,IT
LU0568583008,IT
LU0568583933,IT
LU0557866588,IT
LU0201575346,IT
LU0755949848,IT
FR0013123809,IT
FR0010267476,IT
LU0184627536,IT
LU0316218527,IT
LU0072462186,IT
FR0010174144,IT
LU0238690555,IT
LU0171301533,IT
LU0124384867,IT
LU0171307068,IT
LU0589470326,IT
LU0171289902,IT
LU0255977455,IT
FR0010668145,IT
LU1279613951,IT
FR0013073731,IT
LU0272941971,IT
LU1073905967,IT
LU1295552621,IT
FR0010149120,IT
FR0010149179,IT
LU0318931192,IT
IE0004766675,IT
FR0010097667,IT
LU1291158233,IT
FR0010836163,IT
FR0010917658,IT
LU0108459040,IT
FR0007054358,IT
FR0010058008,IT
LU1481483334,IT
LU0641745681,IT
LU0284396016,IT
FR0011645621,IT
FR0000444275,IT
LU0357130854,IT
FR0010859769,IT
FR0010321828,IT
LU0332315638,IT
LU1244893696,IT
FR0013219243,IT
LU0992632538,IT
LU1102960371,IT
FR0013197605,IT
FR0013210887,IT
FR0010177998,IT
LU0690375182,IT
LU0238202427,IT
LU0251127410,IT
LU0261946445,IT
LU0594300179,IT
FR0000008674,IT
LU0922334643,IT
LU0261948227,IT
LU0261947096,IT
GB0033874214,IT
LU0260870158,IT
LU0122613655,IT
LU0251131958,IT
LU0261950470,IT
LU0048167497,IT
LU0231490524,IT
LU0566486402,IT
FR0011443233,IT
FR0011443001,IT
LU0070992663,IT
LU0572952280,IT
LU0046217351,IT
LU0127786431,IT
LU1093756242,IT
LU0503253931,IT
LU0119750205,IT
LU0028118809,IT
IE00B6R52143,IT
IE00B6R52036,IT
IE00B5BMR087,IT
LU0244270301,IT
LU0095938881,IT
LU0522352946,IT
LU0210529144,IT
LU0208853274,IT
LU0117841949,IT
LU0210527015,IT
LU0880062913,IT
LU0260085492,IT
FR0010320366,IT
IE00BYN5TY60,IT
FR0010315770,IT
FR0000448987,IT
IE00BKVBJH15,IT
LU0411704413,IT
FR0010156604,IT
LU1434526460,IT
FR0013515970,IT
FR0014008207,IT
FR0010148981,IT
FR0010147603,IT
FR0010135103,IT
LU0099161993,IT
FR0010032573,IT
FR0007450002,IT
LU1248400076,IT
FR0000984254,IT
FR0012300374,IT
LU1989765471,IT
FR0010097683,IT
XS2277927872,IT
LU2698960866,IT
LU0380865021,IT
FR0010016477,IT
LU1907595398,IT
LU0284394235,IT
LU0641745921,IT
LU1769942407,IT
LU0273164847,IT
LU0507265923,IT
FR0010491803,IT
FR0013488244,IT
FR0014008W63,IT
LU2038611765,IT
FR001400IPS2,IT
FR001400JGG4,IT
FR001400JGB5,IT
FR0011034495,IT
FR001400LZQ9,IT
IE00BLP5S460,IT
IE00BD1DJ122,IT
LU0204988207,IT
FR0010341800,IT
LU0090689299,IT
LU0104884860,IT
LU0217139020,IT
FR0007050570,IT
FR0011640986,IT
FR0000295230,IT
FR0007045737,IT
LU0510167009,IT
LU0226953718,IT
LU0320896664,IT
LU0244354667,IT
LU0935229400,IT
GB00B0119933,IT
FR0010431015,IT
FR0010259994,IT
FR0010260000,IT
FR0000988503,IT
FR0013076452,IT
FR0010349977,IT
LU0229940001,IT
LU0094040077,IT
LU0122613903,IT
FR0007075494,IT
FR0010588343,IT
LU0723564463,IT
FR0012881043,IT
LU0073503921,IT
FR0010411884,IT
IE00BFZPF546,IT
IE00B4L5Y983,IT
FR0011169341,IT
FR0013259231,IT
FR0013323730,IT
FR0010242461,IT
FR0011037894,IT
FR0010458190,IT
FR001400K5L7,IT
LU1391858039,IT
LU1391857908,IT
LU0115773425,IT
LU1892829315,IT
LU0945775517,IT
LU0594300096,IT
FR001400IF09,IT
FRSG000143P3,IT
XS2699598434,IT
IE00BHZRR147,IT
FR0010657601,IT
LU0260870661,IT
LU0294221097,IT
LU0109391861,IT
FR0010626796,IT
IE00B56X5F76,IT
LU1472581609,IT
FR0013531365,IT
FR0013531357,IT
FR0010902726,IT
LU0912261624,IT
LU0708055370,IT
LU0165128348,IT
FR001400I4I0,IT
LU1832174962,IT
LU1073919679,IT
LU0243956348,IT
LU0243957239,IT
LU0432616737,IT
IE00BHZPJ569,IT
IE00BHZPJ783,IT
IE00BQT3WG13,IT
IE00BGL86Z12,IT
IE00BHZPJ015,IT
IE00BYZK4776,IT
IE00BYZK4669,IT
IE00BG0J4C88,IT
IE00BP3QZ601,IT
IE00B52VJ196,IT
IE00BFNM3G45,IT
IE00BFNM3B99,IT
IE00B6SPMN59,IT
LU2061939646,IT
LU0256064774,IT
LU0740858229,IT
LU0432979960,IT
FR0000980427,IT
FR0013439478,IT
FR0013439817,IT
FR0013439403,IT
FR0010858498,IT
GB00BKGR3H21,IT
LU1012219207,IT
FR0013418688,IT
IE00BF0M6N54,IT
IE00BFXR5W90,IT
FR0050000977,IT
IE00B19Z6F94,IT
LU1792117340,IT
LU1792117696,IT
LU1769088581,IT
LU1691909508,IT
LU1841613463,IT
FR0011882364,IT
LU0533032008,IT
LU1834988781,IT
LU0533033667,IT
FR0013346681,IT
LU1190418134,IT
LU0539466150,IT
IE00B61N8946,IT
LU0812607454,IT
LU0985424349,IT
IE00B8V74V41,IT
FR0014009BP1,IT
FR0011351626,IT
GB0030932676,IT
GB00B1H05155,IT
LU0914729966,IT
LU1623119218,IT
LU0552643339,IT
LU1911611140,IT
FR0010400762,IT
FR0013083680,IT
LU0568620560,IT
LU0568621618,IT
LU0161687693,IT
LU1391858385,IT
LU1506378568,IT
LU1391857817,IT
LU0979136255,IT
LU1391858112,IT
LU1391859516,IT
LU0844168194,IT
LU0859660069,IT
LU0512092221,IT
LU0694238766,IT
LU0073233958,IT
LU0073232471,IT
LU1781541179,IT
IE00B3MB7B14,IT
LU2564068026,IT
FR0014000881,IT
LU1951202693,IT
LU1335435464,IT
LU2169557654,IT
FR0010678359,IT
FR0011563535,IT
IE00BVYJ5W68,IT
IE00B12VW672,IT
FR0000970972,IT
LU0393798565,IT
IE00BYXVX196,IT
IE0005TS9CE1,IT
IE000LP4A034,IT
IE00BZ0GCL74,IT
IE0002RD3216,IT
IE000MDAH467,IT
IE000EPMENA8,IT
IE0004AVHXI6,IT
IE000UVHNVP4,IT
IE000CBHEUM2,IT
FR0010734491,IT
FR0007064134,IT
FR0000980989,IT
FR001400C7W0,IT
FR0010574434,IT
FR0011170182,IT
FR0000945180,IT
FR0010564351,IT
FR0011381227,IT
FR0000011074,IT
LU0256840447,IT
GB0003501581,IT
IE00B9DCSJ09,IT
FR001400LDG7,IT
FR001400LDC6,IT
FR001400IOS5,IT
FR001400IPV6,IT
FR001400M1Y7,IT
FR001400M113,IT
XS2517243346,IT
XS2678870556,IT
XS2593761658,IT
LU0128494944,IT
LU0280430405,IT
LU0503631557,IT
LU0128498267,IT
IE00B84J9L26,IT
IE00B11XZB05,IT
IE00B11XZ103,IT
LU2261172451,IT
FR0014005AW7,IT
FR0011349901,IT
FR0011243393,IT
FR0010897199,IT
FR0010786350,IT
FR0000098006,IT
FR0010912915,IT
FR0012300739,IT
FR0010906305,IT
LU1396459957,IT
FR001400IBK9,IT
XS2516343196,IT
FR2CIBFS1837,IT
LU0209860427,IT
LU1811861431,IT
LU0203975437,IT
LU0474363974,IT
LU0434928536,IT
FR0010237503,IT
LU1100077103,IT
LU1100076550,IT
FR0011261197,IT
FR2CIBFS1589,IT
FR0010505578,IT
LU2080993616,IT
IE00B7KFL990,IT
FR0050000829,IT
FR0050000837,IT
FR0013381035,IT
FR0050000100,IT
FR0050000423,IT
FR0050000688,IT
FR00140009Z9,IT
FR0013535481,IT
FR0013535390,IT
FR0013535523,IT
FR0013535549,IT
FR0014000QG7,IT
FR0000000085,IT
FR0050000431,IT
FR0050000449,IT
FR0050000456,IT
FR0011362094,IT
FR001400HZX3,IT
FR0011584416,IT
FR0007040373,IT
LU1882445643,IT
LU1622150198,IT
LU1883868819,IT
LU1883303635,IT
LU1880401523,IT
LU1894683009,IT
FR0013329828,IT
FR0010173237,IT
LU0482270153,IT
LU0162658883,IT
FR0011445436,IT
LU1530899142,IT
LU1683285164,IT
LU1694789451,IT
LU0284395638,IT
LU1907594748,IT
LU1881477472,IT
BE6297703751,IT
FR0013406691,IT
LU1819480192,IT
LU1331971769,IT
LU1345484874,IT
LU1303741661,IT
IE00BFY85L07,IT
FR0013291879,IT
LU1902443420,IT
LU1074970481,IT
LU0432979614,IT
LU0292454872,IT
FR0013268356,IT
IE00BC9S3Z47,IT
LU0812608262,IT
LU1536788638,IT
LU1670710075,IT
LU1670722161,IT
LU1670711040,IT
LU1582988058,IT
LU1670724373,IT
LU0914733059,IT
LU1670725347,IT
LU1278756934,IT
LU1648217575,IT
LU1693821826,IT
LU1958314913,IT
LU2108470142,IT
LU1648219605,IT
LU0149084633,IT
LU1648217229,IT
FR0011600410,IT
LU0935227537,IT
IE00BF2F6G53,IT
LU0823421689,IT
LU0503631714,IT
LU0366534344,IT
LU0270904781,IT
LU0366536984,IT
LU0340559557,IT
IE00B3QDMK77,IT
LU1396459015,IT
LU1183791794,IT
LU1301026388,IT
LU0503634221,IT
LU1991167542,IT
FR001400JVR0,IT
FR001400JN81,IT
LU0068578508,IT
FR0000003964,IT
IE00B7452L46,IT
LU0548153104,IT
LU0170475312,IT
IE0003821877,IT
LU2147879543,IT
FR001400LRS2,IT
FR0007072160,IT
XS2516343279,IT
XS2630626989,IT
LU0569862609,IT
IE00BZ2GV965,IT
IE00B53H0131,IT
FR001400FS23,IT
IE00BYWQWR46,IT
IE00BG47K971,IT
IE00BK5BR626,IT
IE00BGYWT403,IT
FR0010289827,IT
FR0010078279,IT
FR0007371810,IT
FR0013299047,IT
FR0007465083,IT
FR0013379054,IT
FR0013522927,IT
FR001400IGX1,IT
FR001400IGZ6,IT
LU1612360716,IT
LU1074026086,IT
IE00BHBFD143,IT
IE00BJGWQN72,IT
LU0292109187,IT
LU0290357929,IT
LU1303940784,IT
FR0000423527,IT
LU0171305526,IT
LU0172157280,IT
LU0122376428,IT
FR0010027623,IT
FR0010298596,IT
LU0266117414,IT
IE0004307934,IT
LU0147944259,IT
LU0935231216,IT
IE00B44F1J46,IT
FR0000299356,IT
FR0000292302,IT
FR0011537653,IT
FR0000990095,IT
IE00B441G979,IT
LU0908500753,IT
FR0010429068,IT
FR0011363423,IT
LU1829221024,IT
FR0010361279,IT
FR0010194464,IT
FR0010540906,IT
FR0010541086,IT
FR0010541094,IT
FR0010233270,IT
FR0010541193,IT
FR0010540831,IT
FR0011482074,IT
FR0010540856,IT
FR0010241281,IT
FR0010501684,IT
FR0010541284,IT
FR0011443886,IT
FR0010541425,IT
FR0010148346,IT
FR0007051040,IT
FR001400JLJ8,IT
FR001400JOE3,IT
FR001400LSR2,IT
FR0012333219,IT
FR0010058529,IT
LU0469266505,IT
FR0011387299,IT
LU0469268469,IT
FR0013085024,IT
FR0007061379,IT
FR0010829697,IT
FR0013251816,IT
LU0658026942,IT
FR0013222403,IT
FR0010158048,IT
FR0010863688,IT
FR0011637115,IT
FR0012951101,IT
FR0011153014,IT
FR0000438905,IT
FR0012817567,IT
FR0010028704,IT
FR0013430576,IT
FR0000448953,IT
FR0013300910,IT
FR0000974149,IT
LU1992133188,IT
LU1883335322,IT
FR0010230474,IT
LU1781541252,IT
LU1437017350,IT
IE000QQ8Z0D8,IT
IE0006IP4XZ8,IT
LU0568620990,IT
FR0010286013,IT
FR0011199371,IT
FR0010611293,IT
FR001400I103,IT
FR001400KNC7,IT
FR001400KNK0,IT
FR001400LGI6,IT
LU1536921650,IT
FR0000979155,IT
LU0658026603,IT
FR0000978371,IT
LU1157401305,IT
LU0251661756,IT
LU0164100710,IT
LU1876459212,IT
FR0000288946,IT
IE00BGGJJB67,IT
LU0132414144,IT
IE00B8J38129,IT
LU0119133188,IT
LU0568615057,IT
LU0518421895,IT
LU0616241476,IT
LU0119099819,IT
LU0201576401,IT
LU0119110723,IT
LU0319688015,IT
LU0800597873,IT
LU0292585626,IT
LU0266009793,IT
LU0292585030,IT
LU1733247230,FR
LU1291102447,FR
LU1769942407,FR
IE00BFNM3G45,FR
IE00BFNM3B99,FR
IE00B6SPMN59,FR
IE00BFXR5W90,FR
LU0393798565,FR
IE0005TS9CE1,FR
IE000LP4A034,FR
IE0002RD3216,FR
IE000MDAH467,FR
IE000EPMENA8,FR
IE0004AVHXI6,FR
IE000UVHNVP4,FR
IE000CBHEUM2,FR
FR001400LDG7,FR
FR001400LDC6,FR
LU1396459957,FR
IE0003821877,FR
IE00B53H0131,FR
IE00BK5BR626,FR
IE00BGYWT403,FR
LU0290357929,FR
FR001400LSR2,FR
FR001400KNC7,FR
FR001400KNK0,FR
FR001400LGI6,FR
IE00BGGJJB67,FR
LU1733247230,EN
LU1291102447,EN
LU1769942407,EN
IE00BFNM3G45,EN
IE00BFNM3B99,EN
IE00B6SPMN59,EN
IE00BFXR5W90,EN
LU0393798565,EN
IE0005TS9CE1,EN
IE000LP4A034,EN
IE0002RD3216,EN
IE000MDAH467,EN
IE000EPMENA8,EN
IE0004AVHXI6,EN
IE000UVHNVP4,EN
IE000CBHEUM2,EN
FR001400LDG7,EN
FR001400LDC6,EN
LU1396459957,EN
IE0003821877,EN
IE00B53H0131,EN
IE00BK5BR626,EN
IE00BGYWT403,EN
LU0290357929,EN
FR001400LSR2,EN
FR001400KNC7,EN
FR001400KNK0,EN
FR001400LGI6,EN
IE00BGGJJB67,EN
FR0000291239,EN
XS2643907707,EN
XS2691106277,EN
XS2692280675,EN
FR0010213355,EN
FR001400JDF3,EN
XS2689023179,EN
FR001400CGR6,EN
XS2628004231,EN
FRSG000149P0,EN
FRSG000149Q8,EN
XS2638604970,EN
XS2638604202,EN
FR1459AB0217,EN
FR0007075122,EN
LU1681048804,EN
XS2650765139,EN
FR001400LSQ4,EN
FR001400LSS0,EN
FR0000291239,FR
XS2643907707,FR
XS2691106277,FR
XS2692280675,FR
FR0010213355,FR
FR001400JDF3,FR
XS2689023179,FR
FR001400CGR6,FR
XS2628004231,FR
FRSG000149P0,FR
FRSG000149Q8,FR
XS2638604970,FR
XS2638604202,FR
FR1459AB0217,FR
FR0007075122,FR
LU1681048804,FR
XS2650765139,FR
FR001400LSQ4,FR
FR001400LSS0,FR
DE000UL4AUU8,FR
XS2619373959,FR
FR001400K1W3,FR
DE000UL6ALY4,FR
DE000UL4AUU8,EN
XS2619373959,EN
FR001400K1W3,EN
DE000UL6ALY4,EN
FR0010321802,ES
FR0000292278,ES
FR0013473568,ES
FR001400LRT0,ES
IE00BK017F69,ES
LU0235308482,ES
LU0278453476,ES
LU0063729296,ES
LU0319688791,ES
LU1161527038,ES
FR0010697482,ES
FR0013030061,ES
LU1103207525,ES
LU0238205289,ES
LU0251130802,ES
LU0107852195,ES
LU0194732953,ES
LU0210533500,ES
LU0289470113,ES
LU0853555463,ES
LU0853555380,ES
FR0010750877,ES
LU1137258932,ES
LU0538387076,ES
LU1023727867,ES
LU0979137147,ES
LU1115951946,ES
LU1023728758,ES
LU0132601682,ES
FR0000003196,ES
IE00BYV1RN13,ES
LU0075938133,ES
BE0943877671,ES
IE00B11XZ988,ES
IE00B4LXFK01,ES
LU0106258311,ES
LU0152980495,ES
FR0010460493,ES
LU0122614208,ES
LU0569862351,ES
FR0007076971,ES
LU0224105477,ES
LU0212925753,ES
LU0122379950,ES
LU0562822386,ES
LU0278466700,ES
LU0072462426,ES
LU0217402501,ES
FR0011550185,ES
LU1664648208,ES
IE00B4Z6HC18,ES
LU0132412106,ES
LU0011963245,ES
LU0476876759,ES
LU0498184596,ES
LU0011963674,ES
LU0396314238,ES
FR0010321810,ES
LU0572586591,ES
LU0256839274,ES
LU0857590862,ES
FR0000017329,ES
LU0236501697,ES
FR0010188383,ES
LU0945155991,ES
LU0119085271,ES
LU0319685854,ES
LU0568607203,ES
LU0347592197,ES
LU0557858130,ES
LU0389811372,ES
LU0442407853,ES
LU0433182416,ES
LU0565135745,ES
LU0390717543,ES
LU0568583008,ES
LU0568583933,ES
LU0557866588,ES
LU0201575346,ES
LU0755949848,ES
FR0013123809,ES
FR0010267476,ES
LU0184627536,ES
LU0316218527,ES
LU0072462186,ES
FR0010174144,ES
LU0238690555,ES
LU0171301533,ES
LU0124384867,ES
LU0171307068,ES
LU0589470326,ES
LU0171289902,ES
LU0255977455,ES
FR0010668145,ES
LU1279613951,ES
FR0013073731,ES
LU0272941971,ES
LU1073905967,ES
LU1295552621,ES
FR0010149120,ES
FR0010149179,ES
LU0318931192,ES
IE0004766675,ES
FR0010097667,ES
LU1291158233,ES
FR0010836163,ES
FR0010917658,ES
LU0108459040,ES
FR0007054358,ES
FR0010058008,ES
LU1481483334,ES
LU0641745681,ES
LU0284396016,ES
FR0011645621,ES
FR0000444275,ES
LU0357130854,ES
FR0010859769,ES
FR0010321828,ES
LU0332315638,ES
LU1244893696,ES
FR0013219243,ES
LU0992632538,ES
LU1102960371,ES
FR0013197605,ES
FR0013210887,ES
FR0010177998,ES
LU0690375182,ES
LU0238202427,ES
LU0251127410,ES
LU0261946445,ES
LU0594300179,ES
FR0000008674,ES
LU0922334643,ES
LU0261948227,ES
LU0261947096,ES
GB0033874214,ES
LU0260870158,ES
LU0122613655,ES
LU0251131958,ES
LU0261950470,ES
LU0048167497,ES
LU0231490524,ES
LU0566486402,ES
FR0011443233,ES
FR0011443001,ES
LU0070992663,ES
LU0572952280,ES
LU0046217351,ES
LU0127786431,ES
LU1093756242,ES
LU0503253931,ES
LU0119750205,ES
LU0028118809,ES
IE00B6R52143,ES
IE00B6R52036,ES
IE00B5BMR087,ES
LU0244270301,ES
LU0095938881,ES
LU0522352946,ES
LU0210529144,ES
LU0208853274,ES
LU0117841949,ES
LU0210527015,ES
LU0880062913,ES
LU0260085492,ES
FR0010320366,ES
IE00BYN5TY60,ES
FR0010315770,ES
FR0000448987,ES
IE00BKVBJH15,ES
LU0411704413,ES
FR0010156604,ES
LU1434526460,ES
FR0013515970,ES
FR0014008207,ES
FR0010148981,ES
FR0010147603,ES
FR0010135103,ES
LU0099161993,ES
FR0010032573,ES
FR0007450002,ES
LU1248400076,ES
FR0012300374,ES
LU1989765471,ES
FR0010097683,ES
XS2277927872,ES
LU2698960866,ES
LU0380865021,ES
FR0010016477,ES
LU1907595398,ES
LU0284394235,ES
LU0641745921,ES
LU0273164847,ES
LU0507265923,ES
FR0010491803,ES
FR0013488244,ES
FR0014008W63,ES
LU2038611765,ES
FR001400JGG4,ES
FR001400JGB5,ES
FR0011034495,ES
FR001400LZQ9,ES
IE00BLP5S460,ES
IE00BD1DJ122,ES
LU0204988207,ES
FR0010341800,ES
LU0090689299,ES
LU0104884860,ES
LU0217139020,ES
FR0007050570,ES
FR0011640986,ES
FR0000295230,ES
FR0007045737,ES
LU0510167009,ES
LU0226953718,ES
LU0320896664,ES
LU0244354667,ES
LU0935229400,ES
GB00B0119933,ES
FR0010431015,ES
FR0010259994,ES
FR0010260000,ES
FR0000988503,ES
FR0013076452,ES
FR0010349977,ES
LU0229940001,ES
LU0094040077,ES
LU0122613903,ES
FR0007075494,ES
FR0010588343,ES
LU0723564463,ES
FR0012881043,ES
LU0073503921,ES
FR0010411884,ES
IE00BFZPF546,ES
IE00B4L5Y983,ES
FR0011169341,ES
FR0013259231,ES
FR0013323730,ES
FR0010242461,ES
FR0011037894,ES
FR0010458190,ES
FR001400K5L7,ES
LU1391858039,ES
LU1391857908,ES
LU0115773425,ES
LU1892829315,ES
LU0945775517,ES
LU0594300096,ES
FR001400IF09,ES
FRSG000143P3,ES
XS2699598434,ES
IE00BHZRR147,ES
FR0010657601,ES
LU0260870661,ES
LU0294221097,ES
LU0109391861,ES
FR0010626796,ES
IE00B56X5F76,ES
FR0013531365,ES
FR0013531357,ES
FR0010902726,ES
LU0912261624,ES
LU0165128348,ES
FR001400I4I0,ES
LU1073919679,ES
LU0243956348,ES
LU0243957239,ES
LU0432616737,ES
IE00BHZPJ569,ES
IE00BHZPJ783,ES
IE00BQT3WG13,ES
IE00BGL86Z12,ES
IE00BHZPJ015,ES
IE00BYZK4776,ES
IE00BYZK4669,ES
IE00BG0J4C88,ES
IE00BP3QZ601,ES
IE00B52VJ196,ES
LU2061939646,ES
LU0256064774,ES
LU0740858229,ES
LU0432979960,ES
FR0000980427,ES
FR0013439478,ES
FR0013439817,ES
FR0013439403,ES
FR0010858498,ES
GB00BKGR3H21,ES
LU1012219207,ES
IE00BF0M6N54,ES
FR0050000977,ES
IE00B19Z6F94,ES
LU1792117340,ES
LU1792117696,ES
LU1769088581,ES
LU1691909508,ES
LU1841613463,ES
FR0011882364,ES
LU0533032008,ES
LU1834988781,ES
LU0533033667,ES
FR0013346681,ES
LU1190418134,ES
LU0539466150,ES
IE00B61N8946,ES
LU0812607454,ES
LU0985424349,ES
IE00B8V74V41,ES
FR0014009BP1,ES
FR0011351626,ES
GB0030932676,ES
GB00B1H05155,ES
LU0914729966,ES
LU1623119218,ES
LU0552643339,ES
LU1911611140,ES
FR0010696369,ES
FR0010400762,ES
FR0013083680,ES
LU0568620560,ES
LU0568621618,ES
LU0161687693,ES
LU1391858385,ES
LU1506378568,ES
LU1391857817,ES
LU0979136255,ES
LU1391858112,ES
LU1391859516,ES
LU0844168194,ES
LU0859660069,ES
LU0512092221,ES
LU0694238766,ES
LU0073233958,ES
LU0073232471,ES
LU1781541179,ES
IE00B3MB7B14,ES
LU2564068026,ES
FR0014000881,ES
LU1951202693,ES
LU1335435464,ES
LU2169557654,ES
FR0010678359,ES
IE00BVYJ5W68,ES
IE00B12VW672,ES
FR0000970972,ES
IE00BYXVX196,ES
IE00BZ0GCL74,ES
FR0010734491,ES
FR0007064134,ES
FR0000980989,ES
FR0010574434,ES
FR0011170182,ES
FR0000945180,ES
FR0010564351,ES
FR0011381227,ES
FR0000011074,ES
LU0256840447,ES
GB0003501581,ES
IE00B9DCSJ09,ES
FR001400M1Y7,ES
FR001400M113,ES
XS2517243346,ES
XS2593761658,ES
LU0128494944,ES
LU0280430405,ES
LU0503631557,ES
LU0128498267,ES
IE00B84J9L26,ES
IE00B11XZB05,ES
IE00B11XZ103,ES
LU2261172451,ES
FR0014005AW7,ES
FR0011349901,ES
FR0011243393,ES
FR0010897199,ES
FR0010786350,ES
FR0000098006,ES
FR0010912915,ES
FR0012300739,ES
FR0010906305,ES
FR001400IBK9,ES
XS2516343196,ES
FR2CIBFS1837,ES
LU0209860427,ES
LU1811861431,ES
LU0203975437,ES
LU0474363974,ES
LU0434928536,ES
FR0010237503,ES
LU1100077103,ES
LU1100076550,ES
FR0011261197,ES
FR2CIBFS1589,ES
FR0010505578,ES
LU2080993616,ES
IE00B7KFL990,ES
FR0050000829,ES
FR0050000837,ES
FR0013381035,ES
FR0050000100,ES
FR0050000423,ES
FR0050000688,ES
FR00140009Z9,ES
FR0013535481,ES
FR0013535390,ES
FR0013535523,ES
FR0013535549,ES
FR0014000QG7,ES
FR0000000085,ES
FR0050000431,ES
FR0050000449,ES
FR0050000456,ES
FR0011362094,ES
FR001400HZX3,ES
FR0011584416,ES
FR0007040373,ES
LU1882445643,ES
LU1622150198,ES
LU1883868819,ES
LU1883303635,ES
LU1880401523,ES
LU1894683009,ES
FR0013329828,ES
FR0010173237,ES
LU0482270153,ES
LU0162658883,ES
FR0011445436,ES
LU1530899142,ES
LU1683285164,ES
LU1694789451,ES
LU0284395638,ES
LU1907594748,ES
LU1881477472,ES
BE6297703751,ES
FR0013406691,ES
LU1819480192,ES
LU1331971769,ES
LU1345484874,ES
LU1303741661,ES
IE00BFY85L07,ES
FR0013291879,ES
LU1902443420,ES
LU1074970481,ES
LU0432979614,ES
LU0292454872,ES
FR0013268356,ES
IE00BC9S3Z47,ES
LU0812608262,ES
LU1536788638,ES
LU1670710075,ES
LU1670722161,ES
LU1670711040,ES
LU1582988058,ES
LU1670724373,ES
LU0914733059,ES
LU1670725347,ES
LU1278756934,ES
LU1648217575,ES
LU1693821826,ES
LU1958314913,ES
LU2108470142,ES
LU1648219605,ES
LU0149084633,ES
LU1648217229,ES
FR0011600410,ES
LU0935227537,ES
IE00BF2F6G53,ES
LU0823421689,ES
LU0503631714,ES
LU0366534344,ES
LU0270904781,ES
LU0366536984,ES
LU0340559557,ES
IE00B3QDMK77,ES
LU1396459015,ES
LU1183791794,ES
LU1301026388,ES
LU0503634221,ES
LU1991167542,ES
FR001400JVR0,ES
FR001400JN81,ES
LU0068578508,ES
FR0000003964,ES
IE00B7452L46,ES
LU0548153104,ES
LU0170475312,ES
LU2147879543,ES
FR001400LRS2,ES
FR0007072160,ES
XS2516343279,ES
LU0569862609,ES
IE00BZ2GV965,ES
FR001400FS23,ES
IE00BYWQWR46,ES
IE00BG47K971,ES
FR0010289827,ES
FR0010078279,ES
FR0007371810,ES
FR0013299047,ES
FR0007465083,ES
FR0013379054,ES
FR0013522927,ES
FR001400IGX1,ES
FR001400IGZ6,ES
LU1074026086,ES
IE00BHBFD143,ES
IE00BJGWQN72,ES
LU0292109187,ES
LU1303940784,ES
FR0000423527,ES
LU0171305526,ES
LU0172157280,ES
LU0122376428,ES
FR0010027623,ES
FR0010298596,ES
LU0266117414,ES
IE0004307934,ES
LU0147944259,ES
LU0935231216,ES
IE00B44F1J46,ES
FR0000299356,ES
FR0000292302,ES
FR0011537653,ES
FR0000990095,ES
IE00B441G979,ES
LU0908500753,ES
FR0010429068,ES
FR0011363423,ES
LU1829221024,ES
FR0010361279,ES
FR0010194464,ES
FR0010540906,ES
FR0010541086,ES
FR0010541094,ES
FR0010233270,ES
FR0010541193,ES
FR0010540831,ES
FR0011482074,ES
FR0010540856,ES
FR0010241281,ES
FR0010501684,ES
FR0010541284,ES
FR0011443886,ES
FR0010541425,ES
FR0010148346,ES
FR0007051040,ES
FR001400JLJ8,ES
FR001400JOE3,ES
FR0012333219,ES
FR0010058529,ES
LU0469266505,ES
FR0011387299,ES
LU0469268469,ES
FR0013085024,ES
FR0007061379,ES
FR0010829697,ES
FR0013251816,ES
LU0658026942,ES
FR0013222403,ES
FR0010158048,ES
FR0010863688,ES
FR0011637115,ES
FR0012951101,ES
FR0011153014,ES
FR0000438905,ES
FR0012817567,ES
FR0010028704,ES
FR0013430576,ES
FR0000448953,ES
FR0013300910,ES
FR0000974149,ES
LU1992133188,ES
LU1883335322,ES
FR0010230474,ES
LU1781541252,ES
LU1437017350,ES
IE000QQ8Z0D8,ES
IE0006IP4XZ8,ES
LU0568620990,ES
FR0010286013,ES
FR0011199371,ES
FR0010611293,ES
FR001400I103,ES
LU1536921650,ES
FR0000979155,ES
LU0658026603,ES
FR0000978371,ES
LU1157401305,ES
LU0251661756,ES
LU0164100710,ES
LU1876459212,ES
FR0000288946,ES
LU0132414144,ES
IE00B8J38129,ES
LU0119133188,ES
LU0568615057,ES
LU0518421895,ES
LU0616241476,ES
LU0119099819,ES
LU0201576401,ES
LU0119110723,ES
LU0319688015,ES
LU0800597873,ES
LU0292585626,ES
LU0266009793,ES
LU0292585030,ES
FR0010321802,NL
FR0000292278,NL
FR0013473568,NL
FR001400LRT0,NL
IE00BK017F69,NL
LU0235308482,NL
LU0278453476,NL
LU0063729296,NL
LU0319688791,NL
LU1161527038,NL
FR0010697482,NL
FR0013030061,NL
LU1103207525,NL
LU0238205289,NL
LU0251130802,NL
LU0107852195,NL
LU0194732953,NL
LU0210533500,NL
LU0289470113,NL
LU0853555463,NL
LU0853555380,NL
FR0010750877,NL
LU1137258932,NL
LU0538387076,NL
LU1023727867,NL
LU0979137147,NL
LU1115951946,NL
LU1023728758,NL
LU0132601682,NL
FR0000003196,NL
IE00BYV1RN13,NL
LU0075938133,NL
BE0943877671,NL
IE00B11XZ988,NL
IE00B4LXFK01,NL
LU0106258311,NL
LU0152980495,NL
FR0010460493,NL
LU0122614208,NL
LU0569862351,NL
FR0007076971,NL
LU0224105477,NL
LU0212925753,NL
LU0122379950,NL
LU0171310443,NL
LU0562822386,NL
LU0278466700,NL
LU0072462426,NL
LU0217402501,NL
FR0011550185,NL
LU1664648208,NL
IE00B4Z6HC18,NL
LU0132412106,NL
LU0011963245,NL
LU0476876759,NL
LU0498184596,NL
LU0011963674,NL
LU0396314238,NL
FR0010321810,NL
LU0572586591,NL
LU0256839274,NL
LU0857590862,NL
FR0000017329,NL
LU0236501697,NL
FR0010188383,NL
LU0945155991,NL
LU0119085271,NL
LU0319685854,NL
LU0568607203,NL
LU0347592197,NL
LU0557858130,NL
LU0389811372,NL
LU0442407853,NL
LU0433182416,NL
LU0565135745,NL
LU0390717543,NL
LU0568583008,NL
LU0568583933,NL
LU0557866588,NL
LU0201575346,NL
LU0755949848,NL
FR0013123809,NL
FR0010267476,NL
LU0184627536,NL
LU0316218527,NL
LU0072462186,NL
FR0010174144,NL
LU0238690555,NL
LU0171301533,NL
LU0124384867,NL
LU0171307068,NL
LU0589470326,NL
LU0171289902,NL
LU0255977455,NL
FR0010668145,NL
LU1279613951,NL
FR0013073731,NL
LU0272941971,NL
LU1073905967,NL
LU1295552621,NL
FR0010149120,NL
FR0010149179,NL
LU0318931192,NL
IE0004766675,NL
FR0010097667,NL
LU1291158233,NL
FR0010836163,NL
FR0010917658,NL
LU0108459040,NL
FR0007054358,NL
FR0010058008,NL
LU1481483334,NL
LU0641745681,NL
LU0284396016,NL
FR0011645621,NL
FR0000444275,NL
LU0357130854,NL
FR0010859769,NL
FR0010321828,NL
LU0332315638,NL
LU1244893696,NL
FR0013219243,NL
LU0992632538,NL
LU1102960371,NL
FR0013197605,NL
FR0013210887,NL
FR0010177998,NL
LU0690375182,NL
LU0238202427,NL
LU0251127410,NL
LU0261946445,NL
LU0594300179,NL
FR0000008674,NL
LU0922334643,NL
LU0261948227,NL
LU0261947096,NL
GB0033874214,NL
LU0260870158,NL
LU0122613655,NL
LU0251131958,NL
LU0261950470,NL
LU0048167497,NL
LU0231490524,NL
LU0566486402,NL
FR0011443233,NL
FR0011443001,NL
LU0070992663,NL
LU0572952280,NL
LU0046217351,NL
LU0127786431,NL
LU1093756242,NL
LU0503253931,NL
LU0119750205,NL
LU0028118809,NL
IE00B6R52143,NL
IE00B6R52036,NL
IE00B5BMR087,NL
LU0244270301,NL
LU0095938881,NL
LU0522352946,NL
LU0210529144,NL
LU0208853274,NL
LU0117841949,NL
LU0210527015,NL
LU0880062913,NL
LU0260085492,NL
FR0010320366,NL
IE00BYN5TY60,NL
FR0010315770,NL
IE00BKVBJH15,NL
LU0411704413,NL
FR0010156604,NL
LU1434526460,NL
FR0013515970,NL
FR0014008207,NL
FR0010148981,NL
FR0010147603,NL
FR0010135103,NL
LU0099161993,NL
FR0010032573,NL
FR0007450002,NL
LU1248400076,NL
FR0000984254,NL
FR0012300374,NL
LU1989765471,NL
FR0010097683,NL
XS2277927872,NL
LU2698960866,NL
LU0380865021,NL
FR0010016477,NL
LU1907595398,NL
LU0284394235,NL
LU0641745921,NL
LU0273164847,NL
LU0507265923,NL
FR0010491803,NL
FR0013488244,NL
FR0014008W63,NL
LU2038611765,NL
FR001400IPS2,NL
FR001400JGG4,NL
FR001400JGB5,NL
FR0011034495,NL
FR001400LZQ9,NL
IE00BLP5S460,NL
IE00BD1DJ122,NL
LU0204988207,NL
FR0010341800,NL
LU0090689299,NL
LU0104884860,NL
LU0217139020,NL
FR0007050570,NL
FR0011640986,NL
FR0000295230,NL
FR0007045737,NL
LU0510167009,NL
LU0226953718,NL
LU0320896664,NL
LU0244354667,NL
LU0935229400,NL
GB00B0119933,NL
FR0010431015,NL
FR0010259994,NL
FR0010260000,NL
FR0000988503,NL
FR0013076452,NL
FR0010349977,NL
LU0229940001,NL
LU0094040077,NL
LU0122613903,NL
FR0007075494,NL
FR0010588343,NL
LU0723564463,NL
FR0012881043,NL
LU0073503921,NL
FR0010411884,NL
IE00BFZPF546,NL
IE00B4L5Y983,NL
FR0011169341,NL
FR0013259231,NL
FR0013323730,NL
FR0010242461,NL
FR0011037894,NL
FR0010458190,NL
FR001400K5L7,NL
LU1391858039,NL
LU1391857908,NL
LU0115773425,NL
LU1892829315,NL
LU0945775517,NL
LU0594300096,NL
FR001400IF09,NL
FRSG000143P3,NL
XS2699598434,NL
IE00BHZRR147,NL
FR0010657601,NL
LU0260870661,NL
LU0294221097,NL
LU0109391861,NL
FR0010626796,NL
IE00B56X5F76,NL
LU1472581609,NL
FR0013531365,NL
FR0013531357,NL
FR0010902726,NL
LU0912261624,NL
LU0708055370,NL
LU0165128348,NL
FR001400I4I0,NL
LU1832174962,NL
LU1073919679,NL
LU0243956348,NL
LU0243957239,NL
LU0432616737,NL
IE00BHZPJ569,NL
IE00BHZPJ783,NL
IE00BQT3WG13,NL
IE00BGL86Z12,NL
IE00BHZPJ015,NL
IE00BYZK4776,NL
IE00BYZK4669,NL
IE00BG0J4C88,NL
IE00BP3QZ601,NL
IE00B52VJ196,NL
LU2061939646,NL
LU0256064774,NL
LU0740858229,NL
LU0432979960,NL
FR0000980427,NL
FR0013439478,NL
FR0013439817,NL
FR0013439403,NL
FR0010858498,NL
GB00BKGR3H21,NL
LU1012219207,NL
FR0013418688,NL
IE00BF0M6N54,NL
FR0050000977,NL
IE00B19Z6F94,NL
LU1792117340,NL
LU1792117696,NL
LU1769088581,NL
LU1691909508,NL
LU1841613463,NL
FR0011882364,NL
LU0533032008,NL
LU1834988781,NL
LU0533033667,NL
FR0013346681,NL
LU1190418134,NL
LU0539466150,NL
IE00B61N8946,NL
LU0812607454,NL
LU0985424349,NL
IE00B8V74V41,NL
FR0014009BP1,NL
FR0011351626,NL
GB0030932676,NL
GB00B1H05155,NL
LU0914729966,NL
LU1623119218,NL
LU0552643339,NL
LU1911611140,NL
FR0010696369,NL
FR0010400762,NL
FR0013083680,NL
LU0568620560,NL
LU0568621618,NL
LU0161687693,NL
LU1391858385,NL
LU1506378568,NL
LU1391857817,NL
LU0979136255,NL
LU1391858112,NL
LU1391859516,NL
LU0844168194,NL
LU0859660069,NL
LU0512092221,NL
LU0694238766,NL
LU0073233958,NL
LU0073232471,NL
LU1781541179,NL
IE00B3MB7B14,NL
LU2564068026,NL
FR0014000881,NL
LU1951202693,NL
LU1335435464,NL
LU2169557654,NL
FR0010678359,NL
FR0011563535,NL
IE00BVYJ5W68,NL
IE00B12VW672,NL
FR0000970972,NL
IE00BYXVX196,NL
IE00BZ0GCL74,NL
FR0010734491,NL
FR0007064134,NL
FR0000980989,NL
FR001400C7W0,NL
FR0010574434,NL
FR0011170182,NL
FR0000945180,NL
FR0010564351,NL
FR0011381227,NL
FR0000011074,NL
LU0256840447,NL
GB0003501581,NL
IE00B9DCSJ09,NL
FR001400LDG7,NL
FR001400LDC6,NL
FR001400IOS5,NL
FR001400IPV6,NL
FR001400M1Y7,NL
FR001400M113,NL
XS2517243346,NL
XS2678870556,NL
XS2593761658,NL
LU0128494944,NL
LU0280430405,NL
LU0503631557,NL
LU0128498267,NL
IE00B84J9L26,NL
IE00B11XZB05,NL
IE00B11XZ103,NL
LU2261172451,NL
FR0014005AW7,NL
FR0011349901,NL
FR0011243393,NL
FR0010897199,NL
FR0010786350,NL
FR0000098006,NL
FR0010912915,NL
FR0012300739,NL
FR0010906305,NL
FR001400BU98,NL
FR001400IBK9,NL
XS2516343196,NL
FR2CIBFS1837,NL
LU0209860427,NL
LU1811861431,NL
LU0203975437,NL
LU0474363974,NL
LU0434928536,NL
FR0010237503,NL
LU1100077103,NL
LU1100076550,NL
FR0011261197,NL
FR2CIBFS1589,NL
FR0010505578,NL
LU2080993616,NL
IE00B7KFL990,NL
FR0050000829,NL
FR0050000837,NL
FR0013381035,NL
FR0050000100,NL
FR0050000423,NL
FR0050000688,NL
FR00140009Z9,NL
FR0013535481,NL
FR0013535390,NL
FR0013535523,NL
FR0013535549,NL
FR0014000QG7,NL
FR0000000085,NL
FR0050000431,NL
FR0050000449,NL
FR0050000456,NL
FR0011362094,NL
FR001400HZX3,NL
FR0011584416,NL
FR0007040373,NL
LU1882445643,NL
LU1622150198,NL
LU1883868819,NL
LU1883303635,NL
LU1880401523,NL
LU1894683009,NL
FR0013329828,NL
FR0010173237,NL
LU0482270153,NL
LU0162658883,NL
FR0011445436,NL
LU1530899142,NL
LU1683285164,NL
LU1694789451,NL
LU0284395638,NL
LU1907594748,NL
LU1881477472,NL
BE6297703751,NL
FR0013406691,NL
LU1819480192,NL
LU1331971769,NL
LU1345484874,NL
LU1303741661,NL
IE00BFY85L07,NL
FR0013291879,NL
LU1902443420,NL
LU1074970481,NL
LU0432979614,NL
LU0292454872,NL
FR0013268356,NL
IE00BC9S3Z47,NL
LU0812608262,NL
LU1536788638,NL
LU1670710075,NL
LU1670722161,NL
LU1670711040,NL
LU1582988058,NL
LU1670724373,NL
LU0914733059,NL
LU1670725347,NL
LU1278756934,NL
LU1648217575,NL
LU1693821826,NL
LU1958314913,NL
LU2108470142,NL
LU1648219605,NL
LU0149084633,NL
LU1648217229,NL
FR0011600410,NL
LU0935227537,NL
IE00BF2F6G53,NL
LU0823421689,NL
LU0503631714,NL
LU0366534344,NL
LU0270904781,NL
LU0366536984,NL
LU0340559557,NL
IE00B3QDMK77,NL
LU1396459015,NL
LU1183791794,NL
LU1301026388,NL
LU0503634221,NL
LU1991167542,NL
FR001400JVR0,NL
FR001400JN81,NL
LU0068578508,NL
FR0000003964,NL
IE00B7452L46,NL
LU0548153104,NL
LU0170475312,NL
LU2147879543,NL
FR001400LRS2,NL
FR0007072160,NL
XS2516343279,NL
XS2630626989,NL
LU0569862609,NL
IE00BZ2GV965,NL
FR001400FS23,NL
IE00BYWQWR46,NL
IE00BG47K971,NL
FR0010289827,NL
FR0010078279,NL
FR0007371810,NL
FR0013299047,NL
FR0007465083,NL
FR0013379054,NL
FR0013522927,NL
FR001400IGX1,NL
FR001400IGZ6,NL
LU1612360716,NL
LU1074026086,NL
IE00BHBFD143,NL
IE00BJGWQN72,NL
LU0292109187,NL
FR0000448987,NL
LU1303940784,NL
FR0000423527,NL
LU0171305526,NL
LU0172157280,NL
LU0122376428,NL
FR0010027623,NL
FR0010298596,NL
LU0266117414,NL
IE0004307934,NL
LU0147944259,NL
LU0935231216,NL
IE00B44F1J46,NL
FR0000299356,NL
FR0000292302,NL
FR0011537653,NL
FR0000990095,NL
IE00B441G979,NL
LU0908500753,NL
FR0010429068,NL
FR0011363423,NL
LU1829221024,NL
FR0010361279,NL
FR0010194464,NL
FR0010540906,NL
FR0010541086,NL
FR0010541094,NL
FR0010233270,NL
FR0010541193,NL
FR0010540831,NL
FR0011482074,NL
FR0010540856,NL
FR0010241281,NL
FR0010501684,NL
FR0010541284,NL
FR0011443886,NL
FR0010541425,NL
FR0010148346,NL
FR0007051040,NL
FR001400JLJ8,NL
FR001400JOE3,NL
FR001400LSR2,NL
FR0012333219,NL
FR0010058529,NL
LU0469266505,NL
FR0011387299,NL
LU0469268469,NL
FR0013085024,NL
FR0007061379,NL
FR0010829697,NL
FR0013251816,NL
LU0658026942,NL
FR0013222403,NL
FR0010158048,NL
FR0010863688,NL
FR0011637115,NL
FR0012951101,NL
FR0011153014,NL
FR0000438905,NL
FR0012817567,NL
FR0010028704,NL
FR0013430576,NL
FR0000448953,NL
FR0013300910,NL
FR0000974149,NL
LU1992133188,NL
LU1883335322,NL
FR0010230474,NL
LU1781541252,NL
LU1437017350,NL
IE000QQ8Z0D8,NL
IE0006IP4XZ8,NL
LU0568620990,NL
FR0010286013,NL
FR0011199371,NL
FR0010611293,NL
FR001400I103,NL
FR001400KNC7,NL
FR001400KNK0,NL
FR001400LGI6,NL
LU1536921650,NL
FR0000979155,NL
LU0658026603,NL
FR0000978371,NL
LU1157401305,NL
LU0251661756,NL
LU0164100710,NL
LU1876459212,NL
FR0000288946,NL
LU0132414144,NL
IE00B8J38129,NL
LU0119133188,NL
LU0568615057,NL
LU0518421895,NL
LU0616241476,NL
LU0119099819,NL
LU0201576401,NL
LU0119110723,NL
LU0319688015,NL
LU0800597873,NL
LU0292585626,NL
LU0266009793,NL
LU0292585030,NL
FR001400BU98,FR
FR001400BU98,EN
XS2604959093,NL
XS2604959176,NL
FR001400LSQ4,NL
FR001400LSS0,NL
IE00B3Q8G881,NL
LU1429558221,NL
LU2564067051,NL
XS2567542662,NL
LU0337098114,NL
IE00B3Q8G881,FR
LU1429558221,FR
LU2564067051,FR
XS2567542662,FR
LU0337098114,FR
IE00B3Q8G881,EN
LU1429558221,EN
LU2564067051,EN
XS2567542662,EN
LU0337098114,EN
